{"info":{"type":"runner","start":"2024-08-04T15:27:54.459Z","end":"2024-08-04T15:28:18.391Z","_duration":23932,"cid":"0-0","capabilities":{"myChromeBrowser":{"acceptInsecureCerts":false,"browserName":"chrome","browserVersion":"127.0.6533.89","chrome":{"chromedriverVersion":"127.0.6533.88 (a2d0cb026721e4644e489b8ebb07038ca4e4351c-refs/branch-heads/6533@{#1846})","userDataDir":"C:\\Users\\MOCHAM~1\\AppData\\Local\\Temp\\scoped_dir716_141775548"},"fedcm:accounts":true,"goog:chromeOptions":{"debuggerAddress":"localhost:55060"},"networkConnectionEnabled":false,"pageLoadStrategy":"normal","platformName":"windows","proxy":{},"setWindowRect":true,"strictFileInteractability":false,"timeouts":{"implicit":0,"pageLoad":300000,"script":30000},"unhandledPromptBehavior":"dismiss and notify","webauthn:extension:credBlob":true,"webauthn:extension:largeBlob":true,"webauthn:extension:minPinLength":true,"webauthn:extension:prf":true,"webauthn:virtualAuthenticators":true,"wdio:driverPID":716,"sessionId":"b017ab2b24f65f5cfcab3ec2916febe0"}},"sanitizedCapabilities":"","config":{"isW3C":true,"isChrome":false,"isFirefox":false,"isMobile":false,"isIOS":false,"isAndroid":false,"isSauce":false,"isSeleniumStandalone":false,"isBidi":false,"isChromium":false,"sessionId":"","logLevel":"info","capabilities":{},"protocol":"http","hostname":"0.0.0.0","path":"/"},"specs":["file:///E:/github/sbcode-wdio-cucumber-kasiraja/features/login.feature"],"isMultiremote":true,"instanceOptions":{"b017ab2b24f65f5cfcab3ec2916febe0":{"protocol":"http","hostname":"0.0.0.0","path":"/","capabilities":{"browserName":"chrome","goog:chromeOptions":{"binary":"C:\\Program Files\\Google\\Chrome\\Application\\chrome.exe"}},"logLevel":"info","connectionRetryTimeout":120000,"connectionRetryCount":3,"logLevels":{},"enableDirectConnect":true,"strictSSL":true,"cacheDir":"C:\\Users\\MOCHAM~1\\AppData\\Local\\Temp","port":55052,"requestedCapabilities":{"browserName":"chrome","goog:chromeOptions":{"binary":"C:\\Program Files\\Google\\Chrome\\Application\\chrome.exe"}},"automationProtocol":"webdriver","waitforInterval":500,"waitforTimeout":10000,"onReload":[],"beforeCommand":[],"afterCommand":[],"rootDir":"E:\\github\\sbcode-wdio-cucumber-kasiraja","specs":["./features/**/*.feature"],"suites":{},"exclude":[],"groupLogsByTestSpec":false,"excludeDriverLogs":[],"bail":0,"framework":"cucumber","reporters":["spec","cucumberjs-json",["html-nice",{"outputDir":"./reports/html/html-reports","filename":"report-feature.html","reportTitle":"Report Feature","browserName":"Chrome","linkScreenshots":false,"showInBrowser":false,"collapseTests":false,"useOnAfterCommandForScreenshot":false}]],"services":[],"maxInstances":1,"maxInstancesPerCapability":100,"injectGlobals":true,"filesToWatch":[],"execArgv":[],"runnerEnv":{},"runner":"local","shard":{"current":1,"total":1},"specFileRetries":0,"specFileRetriesDelay":0,"specFileRetriesDeferred":false,"reporterSyncInterval":100,"reporterSyncTimeout":5000,"cucumberFeaturesWithLineNumbers":[],"autoCompileOpts":{"autoCompile":true,"tsNodeOpts":{"transpileOnly":true},"babelOpts":{}},"mochaOpts":{"timeout":10000},"jasmineOpts":{"defaultTimeoutInterval":10000},"cucumberOpts":{"timeout":60000,"require":["./features/step-definitions/*.js"],"backtrace":false,"requireModule":[],"dryRun":false,"failFast":false,"name":[],"snippets":true,"source":true,"strict":false,"tagExpression":"","ignoreUndefinedDefinitions":false},"onPrepare":[null],"onWorkerStart":[],"onWorkerEnd":[],"before":[],"beforeSession":[],"beforeSuite":[],"beforeHook":[],"beforeTest":[null],"afterTest":[],"afterHook":[],"afterSuite":[],"afterSession":[],"after":[null],"onComplete":[null],"beforeAssertion":[],"afterAssertion":[],"beforeFeature":[null],"beforeScenario":[],"beforeStep":[],"afterStep":[],"afterScenario":[null],"afterFeature":[],"_":["run","run"],"$0":"node_modules\\@wdio\\cli\\bin\\wdio.js","config-path":"./wdio.conf.js","ignoredWorkerServices":[]}},"retry":0,"failures":0,"retries":0},"metrics":{"passed":6,"skipped":0,"failed":0,"duration":23932,"start":"2024-08-04T15:27:54.460Z","end":"2024-08-04T15:28:18Z"},"title":"Report Feature","suites":[{"type":"feature","start":"2024-08-04T15:27:54.661Z","end":"2024-08-04T15:28:17.969Z","_duration":23306,"uid":"login.feature:2:1","cid":"0-0","file":"E:\\github\\sbcode-wdio-cucumber-kasiraja\\features\\login.feature","title":"login","tags":[{"location":{"line":1,"column":1},"name":"@login","id":"f6513b6d-fbcf-4bae-a8fc-ca2c8ad9b977"}],"tests":[],"hooks":[],"suites":[{"type":"scenario","start":"2024-08-04T15:27:54.935Z","end":"2024-08-04T15:28:11.300Z","_duration":16361,"uid":"0","cid":"0-0","file":"E:\\github\\sbcode-wdio-cucumber-kasiraja\\features\\login.feature","title":"Successful login","fullTitle":"login.feature:2:1: Successful login","tags":[{"name":"@login","astNodeId":"f6513b6d-fbcf-4bae-a8fc-ca2c8ad9b977"},{"name":"@positive","astNodeId":"07eba494-7e61-4fd0-91ff-be7c5dc34682"}],"tests":[{"type":"test","start":"2024-08-04T15:27:54.946Z","end":"2024-08-04T15:28:09.956Z","_duration":15010,"uid":"36544caf-cb4d-448c-82c8-9bd9b2be9b9e","cid":"0-0","title":"Given user already on login page","fullTitle":"0: Given user already on login page","output":[{"command":"navigateTo","method":"POST","endpoint":"/session/:sessionId/url","body":{"url":"https://kasirdemo.vercel.app/login"},"cid":"0-0","type":"command"},{"command":"navigateTo","method":"POST","endpoint":"/session/:sessionId/url","body":{"url":"https://kasirdemo.vercel.app/login"},"result":{"value":null},"cid":"0-0","type":"result"}],"retries":0,"parent":"0","state":"passed","events":[],"errorIndex":0},{"type":"test","start":"2024-08-04T15:28:09.957Z","end":"2024-08-04T15:28:11.119Z","_duration":1162,"uid":"588f5955-d538-4364-8076-bf0c558ea430","cid":"0-0","title":"When user input login credentials with email \"dummyuser06@mail.com\" and password \"password\"","fullTitle":"0: When user input login credentials with email \"dummyuser06@mail.com\" and password \"password\"","output":[{"command":"findElement","method":"POST","endpoint":"/session/:sessionId/element","body":{"using":"xpath","value":"//input[@id= 'email']"},"cid":"0-0","type":"command"},{"command":"findElement","method":"POST","endpoint":"/session/:sessionId/element","body":{"using":"xpath","value":"//input[@id= 'email']"},"result":{"value":{"element-6066-11e4-a52e-4f735466cecf":"f.CA2BB43C526E2CF6F04C4A356EFDEF27.d.144960189316A5F2806623F1C01299E6.e.2"}},"cid":"0-0","type":"result"},{"command":"elementClear","method":"POST","endpoint":"/session/:sessionId/element/f.CA2BB43C526E2CF6F04C4A356EFDEF27.d.144960189316A5F2806623F1C01299E6.e.2/clear","body":{},"cid":"0-0","type":"command"},{"command":"elementClear","method":"POST","endpoint":"/session/:sessionId/element/f.CA2BB43C526E2CF6F04C4A356EFDEF27.d.144960189316A5F2806623F1C01299E6.e.2/clear","body":{},"result":{"value":null},"cid":"0-0","type":"result"},{"command":"elementSendKeys","method":"POST","endpoint":"/session/:sessionId/element/f.CA2BB43C526E2CF6F04C4A356EFDEF27.d.144960189316A5F2806623F1C01299E6.e.2/value","body":{"text":"dummyuser06@mail.com"},"cid":"0-0","type":"command"},{"command":"elementSendKeys","method":"POST","endpoint":"/session/:sessionId/element/f.CA2BB43C526E2CF6F04C4A356EFDEF27.d.144960189316A5F2806623F1C01299E6.e.2/value","body":{"text":"dummyuser06@mail.com"},"result":{"value":null},"cid":"0-0","type":"result"},{"command":"findElement","method":"POST","endpoint":"/session/:sessionId/element","body":{"using":"xpath","value":"//input[@id= 'password']"},"cid":"0-0","type":"command"},{"command":"findElement","method":"POST","endpoint":"/session/:sessionId/element","body":{"using":"xpath","value":"//input[@id= 'password']"},"result":{"value":{"element-6066-11e4-a52e-4f735466cecf":"f.CA2BB43C526E2CF6F04C4A356EFDEF27.d.144960189316A5F2806623F1C01299E6.e.3"}},"cid":"0-0","type":"result"},{"command":"elementClear","method":"POST","endpoint":"/session/:sessionId/element/f.CA2BB43C526E2CF6F04C4A356EFDEF27.d.144960189316A5F2806623F1C01299E6.e.3/clear","body":{},"cid":"0-0","type":"command"},{"command":"elementClear","method":"POST","endpoint":"/session/:sessionId/element/f.CA2BB43C526E2CF6F04C4A356EFDEF27.d.144960189316A5F2806623F1C01299E6.e.3/clear","body":{},"result":{"value":null},"cid":"0-0","type":"result"},{"command":"elementSendKeys","method":"POST","endpoint":"/session/:sessionId/element/f.CA2BB43C526E2CF6F04C4A356EFDEF27.d.144960189316A5F2806623F1C01299E6.e.3/value","body":{"text":"password"},"cid":"0-0","type":"command"},{"command":"elementSendKeys","method":"POST","endpoint":"/session/:sessionId/element/f.CA2BB43C526E2CF6F04C4A356EFDEF27.d.144960189316A5F2806623F1C01299E6.e.3/value","body":{"text":"password"},"result":{"value":null},"cid":"0-0","type":"result"},{"command":"findElement","method":"POST","endpoint":"/session/:sessionId/element","body":{"using":"xpath","value":"//button[@type= 'submit'][text()='login']"},"cid":"0-0","type":"command"},{"command":"findElement","method":"POST","endpoint":"/session/:sessionId/element","body":{"using":"xpath","value":"//button[@type= 'submit'][text()='login']"},"result":{"value":{"element-6066-11e4-a52e-4f735466cecf":"f.CA2BB43C526E2CF6F04C4A356EFDEF27.d.144960189316A5F2806623F1C01299E6.e.9"}},"cid":"0-0","type":"result"},{"command":"getElementProperty","method":"GET","endpoint":"/session/:sessionId/element/f.CA2BB43C526E2CF6F04C4A356EFDEF27.d.144960189316A5F2806623F1C01299E6.e.9/property/value","body":{},"cid":"0-0","type":"command"},{"command":"getElementProperty","method":"GET","endpoint":"/session/:sessionId/element/f.CA2BB43C526E2CF6F04C4A356EFDEF27.d.144960189316A5F2806623F1C01299E6.e.9/property/value","body":{},"result":{"value":""},"cid":"0-0","type":"result"},{"command":"findElement","method":"POST","endpoint":"/session/:sessionId/element","body":{"using":"xpath","value":"//button[@type= 'submit'][text()='login']"},"cid":"0-0","type":"command"},{"command":"findElement","method":"POST","endpoint":"/session/:sessionId/element","body":{"using":"xpath","value":"//button[@type= 'submit'][text()='login']"},"result":{"value":{"element-6066-11e4-a52e-4f735466cecf":"f.CA2BB43C526E2CF6F04C4A356EFDEF27.d.144960189316A5F2806623F1C01299E6.e.9"}},"cid":"0-0","type":"result"},{"command":"elementClick","method":"POST","endpoint":"/session/:sessionId/element/f.CA2BB43C526E2CF6F04C4A356EFDEF27.d.144960189316A5F2806623F1C01299E6.e.9/click","body":{},"cid":"0-0","type":"command"},{"command":"elementClick","method":"POST","endpoint":"/session/:sessionId/element/f.CA2BB43C526E2CF6F04C4A356EFDEF27.d.144960189316A5F2806623F1C01299E6.e.9/click","body":{},"result":{"value":null},"cid":"0-0","type":"result"}],"retries":0,"parent":"0","state":"passed","events":[],"errorIndex":0},{"type":"test","start":"2024-08-04T15:28:11.120Z","end":"2024-08-04T15:28:11.291Z","_duration":171,"uid":"6d7a3745-44c5-4ac2-bf63-9b69ecf61706","cid":"0-0","title":"Then user is successfully logged in and redirected to the dashboard page","fullTitle":"0: Then user is successfully logged in and redirected to the dashboard page","output":[{"command":"findElement","method":"POST","endpoint":"/session/:sessionId/element","body":{"using":"xpath","value":"//div[contains(text(),'dashboard')]"},"cid":"0-0","type":"command"},{"command":"findElement","method":"POST","endpoint":"/session/:sessionId/element","body":{"using":"xpath","value":"//div[contains(text(),'dashboard')]"},"result":{"value":{"error":"no such element","message":"no such element: Unable to locate element: {\"method\":\"xpath\",\"selector\":\"//div[contains(text(),'dashboard')]\"}\n  (Session info: chrome=127.0.6533.89)","stacktrace":"\tGetHandleVerifier [0x00007FF6F8769632+30946]\n\t(No symbol) [0x00007FF6F871E3C9]\n\t(No symbol) [0x00007FF6F8616FDA]\n\t(No symbol) [0x00007FF6F866822C]\n\t(No symbol) [0x00007FF6F866850C]\n\t(No symbol) [0x00007FF6F86ADCB7]\n\t(No symbol) [0x00007FF6F868CAAF]\n\t(No symbol) [0x00007FF6F86AB041]\n\t(No symbol) [0x00007FF6F868C813]\n\t(No symbol) [0x00007FF6F865A6E5]\n\t(No symbol) [0x00007FF6F865B021]\n\tGetHandleVerifier [0x00007FF6F889F83D+1301229]\n\tGetHandleVerifier [0x00007FF6F88ABDB7+1351783]\n\tGetHandleVerifier [0x00007FF6F88A2A03+1313971]\n\tGetHandleVerifier [0x00007FF6F879DD06+245686]\n\t(No symbol) [0x00007FF6F872758F]\n\t(No symbol) [0x00007FF6F8723804]\n\t(No symbol) [0x00007FF6F8723992]\n\t(No symbol) [0x00007FF6F871A3EF]\n\tBaseThreadInitThunk [0x00007FFE7E147374+20]\n\tRtlUserThreadStart [0x00007FFE7E97CC91+33]\n"}},"cid":"0-0","type":"result"},{"command":"findElement","method":"POST","endpoint":"/session/:sessionId/element","body":{"using":"xpath","value":"//div[contains(text(),'dashboard')]"},"cid":"0-0","type":"command"},{"command":"findElement","method":"POST","endpoint":"/session/:sessionId/element","body":{"using":"xpath","value":"//div[contains(text(),'dashboard')]"},"result":{"value":{"error":"no such element","message":"no such element: Unable to locate element: {\"method\":\"xpath\",\"selector\":\"//div[contains(text(),'dashboard')]\"}\n  (Session info: chrome=127.0.6533.89)","stacktrace":"\tGetHandleVerifier [0x00007FF6F8769632+30946]\n\t(No symbol) [0x00007FF6F871E3C9]\n\t(No symbol) [0x00007FF6F8616FDA]\n\t(No symbol) [0x00007FF6F866822C]\n\t(No symbol) [0x00007FF6F866850C]\n\t(No symbol) [0x00007FF6F86ADCB7]\n\t(No symbol) [0x00007FF6F868CAAF]\n\t(No symbol) [0x00007FF6F86AB041]\n\t(No symbol) [0x00007FF6F868C813]\n\t(No symbol) [0x00007FF6F865A6E5]\n\t(No symbol) [0x00007FF6F865B021]\n\tGetHandleVerifier [0x00007FF6F889F83D+1301229]\n\tGetHandleVerifier [0x00007FF6F88ABDB7+1351783]\n\tGetHandleVerifier [0x00007FF6F88A2A03+1313971]\n\tGetHandleVerifier [0x00007FF6F879DD06+245686]\n\t(No symbol) [0x00007FF6F872758F]\n\t(No symbol) [0x00007FF6F8723804]\n\t(No symbol) [0x00007FF6F8723992]\n\t(No symbol) [0x00007FF6F871A3EF]\n\tBaseThreadInitThunk [0x00007FFE7E147374+20]\n\tRtlUserThreadStart [0x00007FFE7E97CC91+33]\n"}},"cid":"0-0","type":"result"}],"retries":0,"parent":"0","state":"passed","events":[],"errorIndex":0}],"hooks":[{"type":"hook","start":"2024-08-04T15:27:54.941Z","end":"2024-08-04T15:27:54.945Z","_duration":4,"uid":"9794d04d-ada7-4deb-8b80-8e234b056fe3","cid":"0-0","title":"","parent":"0","errors":[]},{"type":"hook","start":"2024-08-04T15:28:11.292Z","end":"2024-08-04T15:28:11.294Z","_duration":2,"uid":"3824302f-a025-4bfd-bb64-77edb81d4180","cid":"0-0","title":"","parent":"0","errors":[]}],"suites":[],"parent":"login.feature:2:1","hooksAndTests":[{"type":"hook","start":"2024-08-04T15:27:54.941Z","end":"2024-08-04T15:27:54.945Z","_duration":4,"uid":"9794d04d-ada7-4deb-8b80-8e234b056fe3","cid":"0-0","title":"","parent":"0","errors":[]},{"type":"test","start":"2024-08-04T15:27:54.946Z","end":"2024-08-04T15:28:09.956Z","_duration":15010,"uid":"36544caf-cb4d-448c-82c8-9bd9b2be9b9e","cid":"0-0","title":"Given user already on login page","fullTitle":"0: Given user already on login page","output":[{"command":"navigateTo","method":"POST","endpoint":"/session/:sessionId/url","body":{"url":"https://kasirdemo.vercel.app/login"},"cid":"0-0","type":"command"},{"command":"navigateTo","method":"POST","endpoint":"/session/:sessionId/url","body":{"url":"https://kasirdemo.vercel.app/login"},"result":{"value":null},"cid":"0-0","type":"result"}],"retries":0,"parent":"0","state":"passed","events":[],"errorIndex":0},{"type":"test","start":"2024-08-04T15:28:09.957Z","end":"2024-08-04T15:28:11.119Z","_duration":1162,"uid":"588f5955-d538-4364-8076-bf0c558ea430","cid":"0-0","title":"When user input login credentials with email \"dummyuser06@mail.com\" and password \"password\"","fullTitle":"0: When user input login credentials with email \"dummyuser06@mail.com\" and password \"password\"","output":[{"command":"findElement","method":"POST","endpoint":"/session/:sessionId/element","body":{"using":"xpath","value":"//input[@id= 'email']"},"cid":"0-0","type":"command"},{"command":"findElement","method":"POST","endpoint":"/session/:sessionId/element","body":{"using":"xpath","value":"//input[@id= 'email']"},"result":{"value":{"element-6066-11e4-a52e-4f735466cecf":"f.CA2BB43C526E2CF6F04C4A356EFDEF27.d.144960189316A5F2806623F1C01299E6.e.2"}},"cid":"0-0","type":"result"},{"command":"elementClear","method":"POST","endpoint":"/session/:sessionId/element/f.CA2BB43C526E2CF6F04C4A356EFDEF27.d.144960189316A5F2806623F1C01299E6.e.2/clear","body":{},"cid":"0-0","type":"command"},{"command":"elementClear","method":"POST","endpoint":"/session/:sessionId/element/f.CA2BB43C526E2CF6F04C4A356EFDEF27.d.144960189316A5F2806623F1C01299E6.e.2/clear","body":{},"result":{"value":null},"cid":"0-0","type":"result"},{"command":"elementSendKeys","method":"POST","endpoint":"/session/:sessionId/element/f.CA2BB43C526E2CF6F04C4A356EFDEF27.d.144960189316A5F2806623F1C01299E6.e.2/value","body":{"text":"dummyuser06@mail.com"},"cid":"0-0","type":"command"},{"command":"elementSendKeys","method":"POST","endpoint":"/session/:sessionId/element/f.CA2BB43C526E2CF6F04C4A356EFDEF27.d.144960189316A5F2806623F1C01299E6.e.2/value","body":{"text":"dummyuser06@mail.com"},"result":{"value":null},"cid":"0-0","type":"result"},{"command":"findElement","method":"POST","endpoint":"/session/:sessionId/element","body":{"using":"xpath","value":"//input[@id= 'password']"},"cid":"0-0","type":"command"},{"command":"findElement","method":"POST","endpoint":"/session/:sessionId/element","body":{"using":"xpath","value":"//input[@id= 'password']"},"result":{"value":{"element-6066-11e4-a52e-4f735466cecf":"f.CA2BB43C526E2CF6F04C4A356EFDEF27.d.144960189316A5F2806623F1C01299E6.e.3"}},"cid":"0-0","type":"result"},{"command":"elementClear","method":"POST","endpoint":"/session/:sessionId/element/f.CA2BB43C526E2CF6F04C4A356EFDEF27.d.144960189316A5F2806623F1C01299E6.e.3/clear","body":{},"cid":"0-0","type":"command"},{"command":"elementClear","method":"POST","endpoint":"/session/:sessionId/element/f.CA2BB43C526E2CF6F04C4A356EFDEF27.d.144960189316A5F2806623F1C01299E6.e.3/clear","body":{},"result":{"value":null},"cid":"0-0","type":"result"},{"command":"elementSendKeys","method":"POST","endpoint":"/session/:sessionId/element/f.CA2BB43C526E2CF6F04C4A356EFDEF27.d.144960189316A5F2806623F1C01299E6.e.3/value","body":{"text":"password"},"cid":"0-0","type":"command"},{"command":"elementSendKeys","method":"POST","endpoint":"/session/:sessionId/element/f.CA2BB43C526E2CF6F04C4A356EFDEF27.d.144960189316A5F2806623F1C01299E6.e.3/value","body":{"text":"password"},"result":{"value":null},"cid":"0-0","type":"result"},{"command":"findElement","method":"POST","endpoint":"/session/:sessionId/element","body":{"using":"xpath","value":"//button[@type= 'submit'][text()='login']"},"cid":"0-0","type":"command"},{"command":"findElement","method":"POST","endpoint":"/session/:sessionId/element","body":{"using":"xpath","value":"//button[@type= 'submit'][text()='login']"},"result":{"value":{"element-6066-11e4-a52e-4f735466cecf":"f.CA2BB43C526E2CF6F04C4A356EFDEF27.d.144960189316A5F2806623F1C01299E6.e.9"}},"cid":"0-0","type":"result"},{"command":"getElementProperty","method":"GET","endpoint":"/session/:sessionId/element/f.CA2BB43C526E2CF6F04C4A356EFDEF27.d.144960189316A5F2806623F1C01299E6.e.9/property/value","body":{},"cid":"0-0","type":"command"},{"command":"getElementProperty","method":"GET","endpoint":"/session/:sessionId/element/f.CA2BB43C526E2CF6F04C4A356EFDEF27.d.144960189316A5F2806623F1C01299E6.e.9/property/value","body":{},"result":{"value":""},"cid":"0-0","type":"result"},{"command":"findElement","method":"POST","endpoint":"/session/:sessionId/element","body":{"using":"xpath","value":"//button[@type= 'submit'][text()='login']"},"cid":"0-0","type":"command"},{"command":"findElement","method":"POST","endpoint":"/session/:sessionId/element","body":{"using":"xpath","value":"//button[@type= 'submit'][text()='login']"},"result":{"value":{"element-6066-11e4-a52e-4f735466cecf":"f.CA2BB43C526E2CF6F04C4A356EFDEF27.d.144960189316A5F2806623F1C01299E6.e.9"}},"cid":"0-0","type":"result"},{"command":"elementClick","method":"POST","endpoint":"/session/:sessionId/element/f.CA2BB43C526E2CF6F04C4A356EFDEF27.d.144960189316A5F2806623F1C01299E6.e.9/click","body":{},"cid":"0-0","type":"command"},{"command":"elementClick","method":"POST","endpoint":"/session/:sessionId/element/f.CA2BB43C526E2CF6F04C4A356EFDEF27.d.144960189316A5F2806623F1C01299E6.e.9/click","body":{},"result":{"value":null},"cid":"0-0","type":"result"}],"retries":0,"parent":"0","state":"passed","events":[],"errorIndex":0},{"type":"test","start":"2024-08-04T15:28:11.120Z","end":"2024-08-04T15:28:11.291Z","_duration":171,"uid":"6d7a3745-44c5-4ac2-bf63-9b69ecf61706","cid":"0-0","title":"Then user is successfully logged in and redirected to the dashboard page","fullTitle":"0: Then user is successfully logged in and redirected to the dashboard page","output":[{"command":"findElement","method":"POST","endpoint":"/session/:sessionId/element","body":{"using":"xpath","value":"//div[contains(text(),'dashboard')]"},"cid":"0-0","type":"command"},{"command":"findElement","method":"POST","endpoint":"/session/:sessionId/element","body":{"using":"xpath","value":"//div[contains(text(),'dashboard')]"},"result":{"value":{"error":"no such element","message":"no such element: Unable to locate element: {\"method\":\"xpath\",\"selector\":\"//div[contains(text(),'dashboard')]\"}\n  (Session info: chrome=127.0.6533.89)","stacktrace":"\tGetHandleVerifier [0x00007FF6F8769632+30946]\n\t(No symbol) [0x00007FF6F871E3C9]\n\t(No symbol) [0x00007FF6F8616FDA]\n\t(No symbol) [0x00007FF6F866822C]\n\t(No symbol) [0x00007FF6F866850C]\n\t(No symbol) [0x00007FF6F86ADCB7]\n\t(No symbol) [0x00007FF6F868CAAF]\n\t(No symbol) [0x00007FF6F86AB041]\n\t(No symbol) [0x00007FF6F868C813]\n\t(No symbol) [0x00007FF6F865A6E5]\n\t(No symbol) [0x00007FF6F865B021]\n\tGetHandleVerifier [0x00007FF6F889F83D+1301229]\n\tGetHandleVerifier [0x00007FF6F88ABDB7+1351783]\n\tGetHandleVerifier [0x00007FF6F88A2A03+1313971]\n\tGetHandleVerifier [0x00007FF6F879DD06+245686]\n\t(No symbol) [0x00007FF6F872758F]\n\t(No symbol) [0x00007FF6F8723804]\n\t(No symbol) [0x00007FF6F8723992]\n\t(No symbol) [0x00007FF6F871A3EF]\n\tBaseThreadInitThunk [0x00007FFE7E147374+20]\n\tRtlUserThreadStart [0x00007FFE7E97CC91+33]\n"}},"cid":"0-0","type":"result"},{"command":"findElement","method":"POST","endpoint":"/session/:sessionId/element","body":{"using":"xpath","value":"//div[contains(text(),'dashboard')]"},"cid":"0-0","type":"command"},{"command":"findElement","method":"POST","endpoint":"/session/:sessionId/element","body":{"using":"xpath","value":"//div[contains(text(),'dashboard')]"},"result":{"value":{"error":"no such element","message":"no such element: Unable to locate element: {\"method\":\"xpath\",\"selector\":\"//div[contains(text(),'dashboard')]\"}\n  (Session info: chrome=127.0.6533.89)","stacktrace":"\tGetHandleVerifier [0x00007FF6F8769632+30946]\n\t(No symbol) [0x00007FF6F871E3C9]\n\t(No symbol) [0x00007FF6F8616FDA]\n\t(No symbol) [0x00007FF6F866822C]\n\t(No symbol) [0x00007FF6F866850C]\n\t(No symbol) [0x00007FF6F86ADCB7]\n\t(No symbol) [0x00007FF6F868CAAF]\n\t(No symbol) [0x00007FF6F86AB041]\n\t(No symbol) [0x00007FF6F868C813]\n\t(No symbol) [0x00007FF6F865A6E5]\n\t(No symbol) [0x00007FF6F865B021]\n\tGetHandleVerifier [0x00007FF6F889F83D+1301229]\n\tGetHandleVerifier [0x00007FF6F88ABDB7+1351783]\n\tGetHandleVerifier [0x00007FF6F88A2A03+1313971]\n\tGetHandleVerifier [0x00007FF6F879DD06+245686]\n\t(No symbol) [0x00007FF6F872758F]\n\t(No symbol) [0x00007FF6F8723804]\n\t(No symbol) [0x00007FF6F8723992]\n\t(No symbol) [0x00007FF6F871A3EF]\n\tBaseThreadInitThunk [0x00007FFE7E147374+20]\n\tRtlUserThreadStart [0x00007FFE7E97CC91+33]\n"}},"cid":"0-0","type":"result"}],"retries":0,"parent":"0","state":"passed","events":[],"errorIndex":0},{"type":"hook","start":"2024-08-04T15:28:11.292Z","end":"2024-08-04T15:28:11.294Z","_duration":2,"uid":"3824302f-a025-4bfd-bb64-77edb81d4180","cid":"0-0","title":"","parent":"0","errors":[]}],"description":""},{"type":"scenario","start":"2024-08-04T15:28:11.302Z","end":"2024-08-04T15:28:17.966Z","_duration":6663,"uid":"1","cid":"0-0","file":"E:\\github\\sbcode-wdio-cucumber-kasiraja\\features\\login.feature","title":"Unsuccessful login with invalid credentials","fullTitle":"login.feature:2:1: Unsuccessful login with invalid credentials","tags":[{"name":"@login","astNodeId":"f6513b6d-fbcf-4bae-a8fc-ca2c8ad9b977"},{"name":"@negative","astNodeId":"cdf280ac-d43a-498c-bdde-095bebfa4350"}],"tests":[{"type":"test","start":"2024-08-04T15:28:11.306Z","end":"2024-08-04T15:28:16.268Z","_duration":4962,"uid":"203fdb6a-fc03-4bcb-8de4-7306833ad997","cid":"0-0","title":"Given user already on login page","fullTitle":"1: Given user already on login page","output":[{"command":"navigateTo","method":"POST","endpoint":"/session/:sessionId/url","body":{"url":"https://kasirdemo.vercel.app/login"},"cid":"0-0","type":"command"},{"command":"navigateTo","method":"POST","endpoint":"/session/:sessionId/url","body":{"url":"https://kasirdemo.vercel.app/login"},"result":{"value":null},"cid":"0-0","type":"result"}],"retries":0,"parent":"1","state":"passed","events":[],"errorIndex":0},{"type":"test","start":"2024-08-04T15:28:16.270Z","end":"2024-08-04T15:28:17.143Z","_duration":873,"uid":"d122a6ae-7cc7-47be-af2b-220a4610939f","cid":"0-0","title":"When user input login credentials with email \"loremipsum@mail.com\" and password \"dolorsitamet\"","fullTitle":"1: When user input login credentials with email \"loremipsum@mail.com\" and password \"dolorsitamet\"","output":[{"command":"findElement","method":"POST","endpoint":"/session/:sessionId/element","body":{"using":"xpath","value":"//input[@id= 'email']"},"cid":"0-0","type":"command"},{"command":"findElement","method":"POST","endpoint":"/session/:sessionId/element","body":{"using":"xpath","value":"//input[@id= 'email']"},"result":{"value":{"element-6066-11e4-a52e-4f735466cecf":"f.CA2BB43C526E2CF6F04C4A356EFDEF27.d.65A5E6B690FE317F4B06B3D16F4C9B09.e.12"}},"cid":"0-0","type":"result"},{"command":"elementClear","method":"POST","endpoint":"/session/:sessionId/element/f.CA2BB43C526E2CF6F04C4A356EFDEF27.d.65A5E6B690FE317F4B06B3D16F4C9B09.e.12/clear","body":{},"cid":"0-0","type":"command"},{"command":"elementClear","method":"POST","endpoint":"/session/:sessionId/element/f.CA2BB43C526E2CF6F04C4A356EFDEF27.d.65A5E6B690FE317F4B06B3D16F4C9B09.e.12/clear","body":{},"result":{"value":null},"cid":"0-0","type":"result"},{"command":"elementSendKeys","method":"POST","endpoint":"/session/:sessionId/element/f.CA2BB43C526E2CF6F04C4A356EFDEF27.d.65A5E6B690FE317F4B06B3D16F4C9B09.e.12/value","body":{"text":"loremipsum@mail.com"},"cid":"0-0","type":"command"},{"command":"elementSendKeys","method":"POST","endpoint":"/session/:sessionId/element/f.CA2BB43C526E2CF6F04C4A356EFDEF27.d.65A5E6B690FE317F4B06B3D16F4C9B09.e.12/value","body":{"text":"loremipsum@mail.com"},"result":{"value":null},"cid":"0-0","type":"result"},{"command":"findElement","method":"POST","endpoint":"/session/:sessionId/element","body":{"using":"xpath","value":"//input[@id= 'password']"},"cid":"0-0","type":"command"},{"command":"findElement","method":"POST","endpoint":"/session/:sessionId/element","body":{"using":"xpath","value":"//input[@id= 'password']"},"result":{"value":{"element-6066-11e4-a52e-4f735466cecf":"f.CA2BB43C526E2CF6F04C4A356EFDEF27.d.65A5E6B690FE317F4B06B3D16F4C9B09.e.13"}},"cid":"0-0","type":"result"},{"command":"elementClear","method":"POST","endpoint":"/session/:sessionId/element/f.CA2BB43C526E2CF6F04C4A356EFDEF27.d.65A5E6B690FE317F4B06B3D16F4C9B09.e.13/clear","body":{},"cid":"0-0","type":"command"},{"command":"elementClear","method":"POST","endpoint":"/session/:sessionId/element/f.CA2BB43C526E2CF6F04C4A356EFDEF27.d.65A5E6B690FE317F4B06B3D16F4C9B09.e.13/clear","body":{},"result":{"value":null},"cid":"0-0","type":"result"},{"command":"elementSendKeys","method":"POST","endpoint":"/session/:sessionId/element/f.CA2BB43C526E2CF6F04C4A356EFDEF27.d.65A5E6B690FE317F4B06B3D16F4C9B09.e.13/value","body":{"text":"dolorsitamet"},"cid":"0-0","type":"command"},{"command":"elementSendKeys","method":"POST","endpoint":"/session/:sessionId/element/f.CA2BB43C526E2CF6F04C4A356EFDEF27.d.65A5E6B690FE317F4B06B3D16F4C9B09.e.13/value","body":{"text":"dolorsitamet"},"result":{"value":null},"cid":"0-0","type":"result"},{"command":"findElement","method":"POST","endpoint":"/session/:sessionId/element","body":{"using":"xpath","value":"//button[@type= 'submit'][text()='login']"},"cid":"0-0","type":"command"},{"command":"findElement","method":"POST","endpoint":"/session/:sessionId/element","body":{"using":"xpath","value":"//button[@type= 'submit'][text()='login']"},"result":{"value":{"element-6066-11e4-a52e-4f735466cecf":"f.CA2BB43C526E2CF6F04C4A356EFDEF27.d.65A5E6B690FE317F4B06B3D16F4C9B09.e.19"}},"cid":"0-0","type":"result"},{"command":"getElementProperty","method":"GET","endpoint":"/session/:sessionId/element/f.CA2BB43C526E2CF6F04C4A356EFDEF27.d.65A5E6B690FE317F4B06B3D16F4C9B09.e.19/property/value","body":{},"cid":"0-0","type":"command"},{"command":"getElementProperty","method":"GET","endpoint":"/session/:sessionId/element/f.CA2BB43C526E2CF6F04C4A356EFDEF27.d.65A5E6B690FE317F4B06B3D16F4C9B09.e.19/property/value","body":{},"result":{"value":""},"cid":"0-0","type":"result"},{"command":"findElement","method":"POST","endpoint":"/session/:sessionId/element","body":{"using":"xpath","value":"//button[@type= 'submit'][text()='login']"},"cid":"0-0","type":"command"},{"command":"findElement","method":"POST","endpoint":"/session/:sessionId/element","body":{"using":"xpath","value":"//button[@type= 'submit'][text()='login']"},"result":{"value":{"element-6066-11e4-a52e-4f735466cecf":"f.CA2BB43C526E2CF6F04C4A356EFDEF27.d.65A5E6B690FE317F4B06B3D16F4C9B09.e.19"}},"cid":"0-0","type":"result"},{"command":"elementClick","method":"POST","endpoint":"/session/:sessionId/element/f.CA2BB43C526E2CF6F04C4A356EFDEF27.d.65A5E6B690FE317F4B06B3D16F4C9B09.e.19/click","body":{},"cid":"0-0","type":"command"},{"command":"elementClick","method":"POST","endpoint":"/session/:sessionId/element/f.CA2BB43C526E2CF6F04C4A356EFDEF27.d.65A5E6B690FE317F4B06B3D16F4C9B09.e.19/click","body":{},"result":{"value":null},"cid":"0-0","type":"result"}],"retries":0,"parent":"1","state":"passed","events":[],"errorIndex":0},{"type":"test","start":"2024-08-04T15:28:17.144Z","end":"2024-08-04T15:28:17.961Z","_duration":817,"uid":"2f63529b-8f9a-4387-a6e0-ef794db09f6b","cid":"0-0","title":"Then user sees a popup with the error message \"Kredensial yang Anda berikan salah\"","fullTitle":"1: Then user sees a popup with the error message \"Kredensial yang Anda berikan salah\"","output":[{"command":"findElement","method":"POST","endpoint":"/session/:sessionId/element","body":{"using":"xpath","value":"//div[@role='alert']"},"cid":"0-0","type":"command"},{"command":"findElement","method":"POST","endpoint":"/session/:sessionId/element","body":{"using":"xpath","value":"//div[@role='alert']"},"result":{"value":{"error":"no such element","message":"no such element: Unable to locate element: {\"method\":\"xpath\",\"selector\":\"//div[@role='alert']\"}\n  (Session info: chrome=127.0.6533.89)","stacktrace":"\tGetHandleVerifier [0x00007FF6F8769632+30946]\n\t(No symbol) [0x00007FF6F871E3C9]\n\t(No symbol) [0x00007FF6F8616FDA]\n\t(No symbol) [0x00007FF6F866822C]\n\t(No symbol) [0x00007FF6F866850C]\n\t(No symbol) [0x00007FF6F86ADCB7]\n\t(No symbol) [0x00007FF6F868CAAF]\n\t(No symbol) [0x00007FF6F86AB041]\n\t(No symbol) [0x00007FF6F868C813]\n\t(No symbol) [0x00007FF6F865A6E5]\n\t(No symbol) [0x00007FF6F865B021]\n\tGetHandleVerifier [0x00007FF6F889F83D+1301229]\n\tGetHandleVerifier [0x00007FF6F88ABDB7+1351783]\n\tGetHandleVerifier [0x00007FF6F88A2A03+1313971]\n\tGetHandleVerifier [0x00007FF6F879DD06+245686]\n\t(No symbol) [0x00007FF6F872758F]\n\t(No symbol) [0x00007FF6F8723804]\n\t(No symbol) [0x00007FF6F8723992]\n\t(No symbol) [0x00007FF6F871A3EF]\n\tBaseThreadInitThunk [0x00007FFE7E147374+20]\n\tRtlUserThreadStart [0x00007FFE7E97CC91+33]\n"}},"cid":"0-0","type":"result"},{"command":"findElement","method":"POST","endpoint":"/session/:sessionId/element","body":{"using":"xpath","value":"//div[@role='alert']"},"cid":"0-0","type":"command"},{"command":"findElement","method":"POST","endpoint":"/session/:sessionId/element","body":{"using":"xpath","value":"//div[@role='alert']"},"result":{"value":{"error":"no such element","message":"no such element: Unable to locate element: {\"method\":\"xpath\",\"selector\":\"//div[@role='alert']\"}\n  (Session info: chrome=127.0.6533.89)","stacktrace":"\tGetHandleVerifier [0x00007FF6F8769632+30946]\n\t(No symbol) [0x00007FF6F871E3C9]\n\t(No symbol) [0x00007FF6F8616FDA]\n\t(No symbol) [0x00007FF6F866822C]\n\t(No symbol) [0x00007FF6F866850C]\n\t(No symbol) [0x00007FF6F86ADCB7]\n\t(No symbol) [0x00007FF6F868CAAF]\n\t(No symbol) [0x00007FF6F86AB041]\n\t(No symbol) [0x00007FF6F868C813]\n\t(No symbol) [0x00007FF6F865A6E5]\n\t(No symbol) [0x00007FF6F865B021]\n\tGetHandleVerifier [0x00007FF6F889F83D+1301229]\n\tGetHandleVerifier [0x00007FF6F88ABDB7+1351783]\n\tGetHandleVerifier [0x00007FF6F88A2A03+1313971]\n\tGetHandleVerifier [0x00007FF6F879DD06+245686]\n\t(No symbol) [0x00007FF6F872758F]\n\t(No symbol) [0x00007FF6F8723804]\n\t(No symbol) [0x00007FF6F8723992]\n\t(No symbol) [0x00007FF6F871A3EF]\n\tBaseThreadInitThunk [0x00007FFE7E147374+20]\n\tRtlUserThreadStart [0x00007FFE7E97CC91+33]\n"}},"cid":"0-0","type":"result"},{"command":"findElement","method":"POST","endpoint":"/session/:sessionId/element","body":{"using":"xpath","value":"//div[@role='alert']"},"cid":"0-0","type":"command"},{"command":"findElement","method":"POST","endpoint":"/session/:sessionId/element","body":{"using":"xpath","value":"//div[@role='alert']"},"result":{"value":{"element-6066-11e4-a52e-4f735466cecf":"f.CA2BB43C526E2CF6F04C4A356EFDEF27.d.65A5E6B690FE317F4B06B3D16F4C9B09.e.25"}},"cid":"0-0","type":"result"},{"command":"executeScript","method":"POST","endpoint":"/session/:sessionId/execute/sync","body":{"script":"return (function isElementDisplayed(element) {\n    function nodeIsElement(node) {\n        if (!node) {\n            return false;\n        }\n        switch (node.nodeType) {\n            case Node.ELEMENT_NODE:\n            case Node.DOCUMENT_NODE:\n            case Node.DOCUMENT_FRAGMENT_NODE:\n                return true;\n            default:\n                return false;\n        }\n    }\n    function parentElementForElement(element) {\n        if (!element) {\n            return null;\n        }\n        return enclosingNodeOrSelfMatchingPredicate(element.parentNode, nodeIsElement);\n    }\n    function enclosingNodeOrSelfMatchingPredicate(targetNode, predicate) {\n        for (let node = targetNode; node && node !== targetNode.ownerDocument; node = node.parentNode) {\n            if (predicate(node)) {\n                return node;\n            }\n        }\n        return null;\n    }\n    function enclosingElementOrSelfMatchingPredicate(targetElement, predicate) {\n        for (let element = targetElement; element && element !== targetElement.ownerDocument; element = parentElementForElement(element)) {\n            if (predicate(element)) {\n                return element;\n            }\n        }\n        return null;\n    }\n    function cascadedStylePropertyForElement(element, property) {\n        if (!element || !property) {\n            return null;\n        }\n        // if document-fragment, skip it and use element.host instead. This happens\n        // when the element is inside a shadow root.\n        // window.getComputedStyle errors on document-fragment.\n        if ('ShadowRoot' in window && element instanceof window.ShadowRoot) {\n            element = element.host;\n        }\n        const computedStyle = window.getComputedStyle(element);\n        const computedStyleProperty = computedStyle.getPropertyValue(property);\n        if (computedStyleProperty && computedStyleProperty !== 'inherit') {\n            return computedStyleProperty;\n        }\n        // Ideally getPropertyValue would return the 'used' or 'actual' value, but\n        // it doesn't for legacy reasons. So we need to do our own poor man's cascade.\n        // Fall back to the first non-'inherit' value found in an ancestor.\n        // In any case, getPropertyValue will not return 'initial'.\n        // FIXME: will this incorrectly inherit non-inheritable CSS properties?\n        // I think all important non-inheritable properties (width, height, etc.)\n        // for our purposes here are specially resolved, so this may not be an issue.\n        // Specification is here: https://drafts.csswg.org/cssom/#resolved-values\n        const parentElement = parentElementForElement(element);\n        return cascadedStylePropertyForElement(parentElement, property);\n    }\n    function elementHasBoundingBox(element) {\n        const boundingBox = element.getBoundingClientRect();\n        return boundingBox.width > 0 && boundingBox.height > 0;\n    }\n    function elementSubtreeHasNonZeroDimensions(element) {\n        if (elementHasBoundingBox(element)) {\n            return true;\n        }\n        // Paths can have a zero width or height. Treat them as shown if the stroke width is positive.\n        const boundingBox = element.getBoundingClientRect();\n        if (element.tagName.toUpperCase() === 'PATH' && boundingBox.width + boundingBox.height > 0) {\n            const strokeWidth = cascadedStylePropertyForElement(element, 'stroke-width');\n            return !!strokeWidth && (parseInt(strokeWidth, 10) > 0);\n        }\n        const cascadedOverflow = cascadedStylePropertyForElement(element, 'overflow');\n        if (cascadedOverflow === 'hidden') {\n            return false;\n        }\n        // If the container's overflow is not hidden and it has zero size, consider the\n        // container to have non-zero dimensions if a child node has non-zero dimensions.\n        return [].some.call(element.childNodes, function (childNode) {\n            if (childNode.nodeType === Node.TEXT_NODE) {\n                return true;\n            }\n            if (nodeIsElement(childNode)) {\n                return elementSubtreeHasNonZeroDimensions(childNode);\n            }\n            return false;\n        });\n    }\n    function elementOverflowsContainer(element) {\n        const cascadedOverflow = cascadedStylePropertyForElement(element, 'overflow');\n        if (cascadedOverflow !== 'hidden') {\n            return false;\n        }\n        // FIXME: this needs to take into account the scroll position of the element,\n        // the display modes of it and its ancestors, and the container it overflows.\n        // See Selenium's bot.dom.getOverflowState atom for an exhaustive list of edge cases.\n        return true;\n    }\n    function isElementSubtreeHiddenByOverflow(element) {\n        if (!element) {\n            return false;\n        }\n        if (!elementOverflowsContainer(element)) {\n            return false;\n        }\n        if (!element.childNodes.length) {\n            return false;\n        }\n        // This element's subtree is hidden by overflow if all child subtrees are as well.\n        return [].every.call(element.childNodes, function (childNode) {\n            // Returns true if the child node is overflowed or otherwise hidden.\n            // Base case: not an element, has zero size, scrolled out, or doesn't overflow container.\n            // Visibility of text nodes is controlled by parent\n            if (childNode.nodeType === Node.TEXT_NODE) {\n                return false;\n            }\n            if (!nodeIsElement(childNode)) {\n                return true;\n            }\n            if (!elementSubtreeHasNonZeroDimensions(childNode)) {\n                return true;\n            }\n            // Recurse.\n            return isElementSubtreeHiddenByOverflow(childNode);\n        });\n    }\n    // walk up the tree testing for a shadow root\n    function isElementInsideShadowRoot(element) {\n        if (!element) {\n            return false;\n        }\n        if (element.parentNode && element.parentNode.host) {\n            return true;\n        }\n        return isElementInsideShadowRoot(element.parentNode);\n    }\n    // This is a partial reimplementation of Selenium's \"element is displayed\" algorithm.\n    // When the W3C specification's algorithm stabilizes, we should implement that.\n    // If this command is misdirected to the wrong document (and is NOT inside a shadow root), treat it as not shown.\n    if (!isElementInsideShadowRoot(element) &&\n        (\n        // IE doesn't support document.contains, therefor check before using\n        typeof document.contains === 'function'\n            ? !document.contains(element)\n            : !document.body.contains(element))) {\n        return false;\n    }\n    // Special cases for specific tag names.\n    switch (element.tagName.toUpperCase()) {\n        case 'BODY':\n            return true;\n        case 'SCRIPT':\n        case 'NOSCRIPT':\n            return false;\n        case 'OPTGROUP':\n        case 'OPTION': {\n            // Option/optgroup are considered shown if the containing <select> is shown.\n            const enclosingSelectElement = enclosingNodeOrSelfMatchingPredicate(element, function (e) {\n                return e.tagName.toUpperCase() === 'SELECT';\n            });\n            return isElementDisplayed(enclosingSelectElement);\n        }\n        case 'INPUT':\n            // <input type=\"hidden\"> is considered not shown.\n            if (element.type === 'hidden') {\n                return false;\n            }\n            break;\n        // case 'MAP':\n        // FIXME: Selenium has special handling for <map> elements. We don't do anything now.\n        default:\n            break;\n    }\n    if (cascadedStylePropertyForElement(element, 'visibility') !== 'visible') {\n        return false;\n    }\n    const hasAncestorWithZeroOpacity = !!enclosingElementOrSelfMatchingPredicate(element, function (e) {\n        return Number(cascadedStylePropertyForElement(e, 'opacity')) === 0;\n    });\n    const hasAncestorWithDisplayNone = !!enclosingElementOrSelfMatchingPredicate(element, function (e) {\n        return cascadedStylePropertyForElement(e, 'display') === 'none';\n    });\n    if (hasAncestorWithZeroOpacity || hasAncestorWithDisplayNone) {\n        return false;\n    }\n    if (!elementSubtreeHasNonZeroDimensions(element)) {\n        return false;\n    }\n    if (isElementSubtreeHiddenByOverflow(element) && !elementHasBoundingBox(element)) {\n        return false;\n    }\n    return true;\n}).apply(null, arguments)","args":[{"element-6066-11e4-a52e-4f735466cecf":"f.CA2BB43C526E2CF6F04C4A356EFDEF27.d.65A5E6B690FE317F4B06B3D16F4C9B09.e.25","ELEMENT":"f.CA2BB43C526E2CF6F04C4A356EFDEF27.d.65A5E6B690FE317F4B06B3D16F4C9B09.e.25"}]},"cid":"0-0","type":"command"},{"command":"executeScript","method":"POST","endpoint":"/session/:sessionId/execute/sync","body":{"script":"return (function isElementDisplayed(element) {\n    function nodeIsElement(node) {\n        if (!node) {\n            return false;\n        }\n        switch (node.nodeType) {\n            case Node.ELEMENT_NODE:\n            case Node.DOCUMENT_NODE:\n            case Node.DOCUMENT_FRAGMENT_NODE:\n                return true;\n            default:\n                return false;\n        }\n    }\n    function parentElementForElement(element) {\n        if (!element) {\n            return null;\n        }\n        return enclosingNodeOrSelfMatchingPredicate(element.parentNode, nodeIsElement);\n    }\n    function enclosingNodeOrSelfMatchingPredicate(targetNode, predicate) {\n        for (let node = targetNode; node && node !== targetNode.ownerDocument; node = node.parentNode) {\n            if (predicate(node)) {\n                return node;\n            }\n        }\n        return null;\n    }\n    function enclosingElementOrSelfMatchingPredicate(targetElement, predicate) {\n        for (let element = targetElement; element && element !== targetElement.ownerDocument; element = parentElementForElement(element)) {\n            if (predicate(element)) {\n                return element;\n            }\n        }\n        return null;\n    }\n    function cascadedStylePropertyForElement(element, property) {\n        if (!element || !property) {\n            return null;\n        }\n        // if document-fragment, skip it and use element.host instead. This happens\n        // when the element is inside a shadow root.\n        // window.getComputedStyle errors on document-fragment.\n        if ('ShadowRoot' in window && element instanceof window.ShadowRoot) {\n            element = element.host;\n        }\n        const computedStyle = window.getComputedStyle(element);\n        const computedStyleProperty = computedStyle.getPropertyValue(property);\n        if (computedStyleProperty && computedStyleProperty !== 'inherit') {\n            return computedStyleProperty;\n        }\n        // Ideally getPropertyValue would return the 'used' or 'actual' value, but\n        // it doesn't for legacy reasons. So we need to do our own poor man's cascade.\n        // Fall back to the first non-'inherit' value found in an ancestor.\n        // In any case, getPropertyValue will not return 'initial'.\n        // FIXME: will this incorrectly inherit non-inheritable CSS properties?\n        // I think all important non-inheritable properties (width, height, etc.)\n        // for our purposes here are specially resolved, so this may not be an issue.\n        // Specification is here: https://drafts.csswg.org/cssom/#resolved-values\n        const parentElement = parentElementForElement(element);\n        return cascadedStylePropertyForElement(parentElement, property);\n    }\n    function elementHasBoundingBox(element) {\n        const boundingBox = element.getBoundingClientRect();\n        return boundingBox.width > 0 && boundingBox.height > 0;\n    }\n    function elementSubtreeHasNonZeroDimensions(element) {\n        if (elementHasBoundingBox(element)) {\n            return true;\n        }\n        // Paths can have a zero width or height. Treat them as shown if the stroke width is positive.\n        const boundingBox = element.getBoundingClientRect();\n        if (element.tagName.toUpperCase() === 'PATH' && boundingBox.width + boundingBox.height > 0) {\n            const strokeWidth = cascadedStylePropertyForElement(element, 'stroke-width');\n            return !!strokeWidth && (parseInt(strokeWidth, 10) > 0);\n        }\n        const cascadedOverflow = cascadedStylePropertyForElement(element, 'overflow');\n        if (cascadedOverflow === 'hidden') {\n            return false;\n        }\n        // If the container's overflow is not hidden and it has zero size, consider the\n        // container to have non-zero dimensions if a child node has non-zero dimensions.\n        return [].some.call(element.childNodes, function (childNode) {\n            if (childNode.nodeType === Node.TEXT_NODE) {\n                return true;\n            }\n            if (nodeIsElement(childNode)) {\n                return elementSubtreeHasNonZeroDimensions(childNode);\n            }\n            return false;\n        });\n    }\n    function elementOverflowsContainer(element) {\n        const cascadedOverflow = cascadedStylePropertyForElement(element, 'overflow');\n        if (cascadedOverflow !== 'hidden') {\n            return false;\n        }\n        // FIXME: this needs to take into account the scroll position of the element,\n        // the display modes of it and its ancestors, and the container it overflows.\n        // See Selenium's bot.dom.getOverflowState atom for an exhaustive list of edge cases.\n        return true;\n    }\n    function isElementSubtreeHiddenByOverflow(element) {\n        if (!element) {\n            return false;\n        }\n        if (!elementOverflowsContainer(element)) {\n            return false;\n        }\n        if (!element.childNodes.length) {\n            return false;\n        }\n        // This element's subtree is hidden by overflow if all child subtrees are as well.\n        return [].every.call(element.childNodes, function (childNode) {\n            // Returns true if the child node is overflowed or otherwise hidden.\n            // Base case: not an element, has zero size, scrolled out, or doesn't overflow container.\n            // Visibility of text nodes is controlled by parent\n            if (childNode.nodeType === Node.TEXT_NODE) {\n                return false;\n            }\n            if (!nodeIsElement(childNode)) {\n                return true;\n            }\n            if (!elementSubtreeHasNonZeroDimensions(childNode)) {\n                return true;\n            }\n            // Recurse.\n            return isElementSubtreeHiddenByOverflow(childNode);\n        });\n    }\n    // walk up the tree testing for a shadow root\n    function isElementInsideShadowRoot(element) {\n        if (!element) {\n            return false;\n        }\n        if (element.parentNode && element.parentNode.host) {\n            return true;\n        }\n        return isElementInsideShadowRoot(element.parentNode);\n    }\n    // This is a partial reimplementation of Selenium's \"element is displayed\" algorithm.\n    // When the W3C specification's algorithm stabilizes, we should implement that.\n    // If this command is misdirected to the wrong document (and is NOT inside a shadow root), treat it as not shown.\n    if (!isElementInsideShadowRoot(element) &&\n        (\n        // IE doesn't support document.contains, therefor check before using\n        typeof document.contains === 'function'\n            ? !document.contains(element)\n            : !document.body.contains(element))) {\n        return false;\n    }\n    // Special cases for specific tag names.\n    switch (element.tagName.toUpperCase()) {\n        case 'BODY':\n            return true;\n        case 'SCRIPT':\n        case 'NOSCRIPT':\n            return false;\n        case 'OPTGROUP':\n        case 'OPTION': {\n            // Option/optgroup are considered shown if the containing <select> is shown.\n            const enclosingSelectElement = enclosingNodeOrSelfMatchingPredicate(element, function (e) {\n                return e.tagName.toUpperCase() === 'SELECT';\n            });\n            return isElementDisplayed(enclosingSelectElement);\n        }\n        case 'INPUT':\n            // <input type=\"hidden\"> is considered not shown.\n            if (element.type === 'hidden') {\n                return false;\n            }\n            break;\n        // case 'MAP':\n        // FIXME: Selenium has special handling for <map> elements. We don't do anything now.\n        default:\n            break;\n    }\n    if (cascadedStylePropertyForElement(element, 'visibility') !== 'visible') {\n        return false;\n    }\n    const hasAncestorWithZeroOpacity = !!enclosingElementOrSelfMatchingPredicate(element, function (e) {\n        return Number(cascadedStylePropertyForElement(e, 'opacity')) === 0;\n    });\n    const hasAncestorWithDisplayNone = !!enclosingElementOrSelfMatchingPredicate(element, function (e) {\n        return cascadedStylePropertyForElement(e, 'display') === 'none';\n    });\n    if (hasAncestorWithZeroOpacity || hasAncestorWithDisplayNone) {\n        return false;\n    }\n    if (!elementSubtreeHasNonZeroDimensions(element)) {\n        return false;\n    }\n    if (isElementSubtreeHiddenByOverflow(element) && !elementHasBoundingBox(element)) {\n        return false;\n    }\n    return true;\n}).apply(null, arguments)","args":[{"element-6066-11e4-a52e-4f735466cecf":"f.CA2BB43C526E2CF6F04C4A356EFDEF27.d.65A5E6B690FE317F4B06B3D16F4C9B09.e.25","ELEMENT":"f.CA2BB43C526E2CF6F04C4A356EFDEF27.d.65A5E6B690FE317F4B06B3D16F4C9B09.e.25"}]},"result":{"value":true},"cid":"0-0","type":"result"},{"command":"findElement","method":"POST","endpoint":"/session/:sessionId/element","body":{"using":"xpath","value":"//div[@role='alert']"},"cid":"0-0","type":"command"},{"command":"findElement","method":"POST","endpoint":"/session/:sessionId/element","body":{"using":"xpath","value":"//div[@role='alert']"},"result":{"value":{"element-6066-11e4-a52e-4f735466cecf":"f.CA2BB43C526E2CF6F04C4A356EFDEF27.d.65A5E6B690FE317F4B06B3D16F4C9B09.e.25"}},"cid":"0-0","type":"result"},{"command":"getElementText","method":"GET","endpoint":"/session/:sessionId/element/f.CA2BB43C526E2CF6F04C4A356EFDEF27.d.65A5E6B690FE317F4B06B3D16F4C9B09.e.25/text","body":{},"cid":"0-0","type":"command"},{"command":"getElementText","method":"GET","endpoint":"/session/:sessionId/element/f.CA2BB43C526E2CF6F04C4A356EFDEF27.d.65A5E6B690FE317F4B06B3D16F4C9B09.e.25/text","body":{},"result":{"value":"Kredensial yang Anda berikan salah"},"cid":"0-0","type":"result"},{"command":"deleteSession","method":"DELETE","endpoint":"/session/:sessionId","body":{},"cid":"0-0","type":"command"},{"command":"deleteSession","method":"DELETE","endpoint":"/session/:sessionId","body":{},"result":{"value":null},"cid":"0-0","type":"result"}],"retries":0,"parent":"1","state":"passed","events":[],"errorIndex":0}],"hooks":[{"type":"hook","start":"2024-08-04T15:28:11.303Z","end":"2024-08-04T15:28:11.305Z","_duration":2,"uid":"0bfd0c38-c018-4e61-a421-fc30f201e510","cid":"0-0","title":"","parent":"1","errors":[]},{"type":"hook","start":"2024-08-04T15:28:17.962Z","end":"2024-08-04T15:28:17.964Z","_duration":2,"uid":"68a121cb-8ea0-4f24-8bf4-b447893ccfef","cid":"0-0","title":"","parent":"1","errors":[]}],"suites":[],"parent":"login.feature:2:1","hooksAndTests":[{"type":"hook","start":"2024-08-04T15:28:11.303Z","end":"2024-08-04T15:28:11.305Z","_duration":2,"uid":"0bfd0c38-c018-4e61-a421-fc30f201e510","cid":"0-0","title":"","parent":"1","errors":[]},{"type":"test","start":"2024-08-04T15:28:11.306Z","end":"2024-08-04T15:28:16.268Z","_duration":4962,"uid":"203fdb6a-fc03-4bcb-8de4-7306833ad997","cid":"0-0","title":"Given user already on login page","fullTitle":"1: Given user already on login page","output":[{"command":"navigateTo","method":"POST","endpoint":"/session/:sessionId/url","body":{"url":"https://kasirdemo.vercel.app/login"},"cid":"0-0","type":"command"},{"command":"navigateTo","method":"POST","endpoint":"/session/:sessionId/url","body":{"url":"https://kasirdemo.vercel.app/login"},"result":{"value":null},"cid":"0-0","type":"result"}],"retries":0,"parent":"1","state":"passed","events":[],"errorIndex":0},{"type":"test","start":"2024-08-04T15:28:16.270Z","end":"2024-08-04T15:28:17.143Z","_duration":873,"uid":"d122a6ae-7cc7-47be-af2b-220a4610939f","cid":"0-0","title":"When user input login credentials with email \"loremipsum@mail.com\" and password \"dolorsitamet\"","fullTitle":"1: When user input login credentials with email \"loremipsum@mail.com\" and password \"dolorsitamet\"","output":[{"command":"findElement","method":"POST","endpoint":"/session/:sessionId/element","body":{"using":"xpath","value":"//input[@id= 'email']"},"cid":"0-0","type":"command"},{"command":"findElement","method":"POST","endpoint":"/session/:sessionId/element","body":{"using":"xpath","value":"//input[@id= 'email']"},"result":{"value":{"element-6066-11e4-a52e-4f735466cecf":"f.CA2BB43C526E2CF6F04C4A356EFDEF27.d.65A5E6B690FE317F4B06B3D16F4C9B09.e.12"}},"cid":"0-0","type":"result"},{"command":"elementClear","method":"POST","endpoint":"/session/:sessionId/element/f.CA2BB43C526E2CF6F04C4A356EFDEF27.d.65A5E6B690FE317F4B06B3D16F4C9B09.e.12/clear","body":{},"cid":"0-0","type":"command"},{"command":"elementClear","method":"POST","endpoint":"/session/:sessionId/element/f.CA2BB43C526E2CF6F04C4A356EFDEF27.d.65A5E6B690FE317F4B06B3D16F4C9B09.e.12/clear","body":{},"result":{"value":null},"cid":"0-0","type":"result"},{"command":"elementSendKeys","method":"POST","endpoint":"/session/:sessionId/element/f.CA2BB43C526E2CF6F04C4A356EFDEF27.d.65A5E6B690FE317F4B06B3D16F4C9B09.e.12/value","body":{"text":"loremipsum@mail.com"},"cid":"0-0","type":"command"},{"command":"elementSendKeys","method":"POST","endpoint":"/session/:sessionId/element/f.CA2BB43C526E2CF6F04C4A356EFDEF27.d.65A5E6B690FE317F4B06B3D16F4C9B09.e.12/value","body":{"text":"loremipsum@mail.com"},"result":{"value":null},"cid":"0-0","type":"result"},{"command":"findElement","method":"POST","endpoint":"/session/:sessionId/element","body":{"using":"xpath","value":"//input[@id= 'password']"},"cid":"0-0","type":"command"},{"command":"findElement","method":"POST","endpoint":"/session/:sessionId/element","body":{"using":"xpath","value":"//input[@id= 'password']"},"result":{"value":{"element-6066-11e4-a52e-4f735466cecf":"f.CA2BB43C526E2CF6F04C4A356EFDEF27.d.65A5E6B690FE317F4B06B3D16F4C9B09.e.13"}},"cid":"0-0","type":"result"},{"command":"elementClear","method":"POST","endpoint":"/session/:sessionId/element/f.CA2BB43C526E2CF6F04C4A356EFDEF27.d.65A5E6B690FE317F4B06B3D16F4C9B09.e.13/clear","body":{},"cid":"0-0","type":"command"},{"command":"elementClear","method":"POST","endpoint":"/session/:sessionId/element/f.CA2BB43C526E2CF6F04C4A356EFDEF27.d.65A5E6B690FE317F4B06B3D16F4C9B09.e.13/clear","body":{},"result":{"value":null},"cid":"0-0","type":"result"},{"command":"elementSendKeys","method":"POST","endpoint":"/session/:sessionId/element/f.CA2BB43C526E2CF6F04C4A356EFDEF27.d.65A5E6B690FE317F4B06B3D16F4C9B09.e.13/value","body":{"text":"dolorsitamet"},"cid":"0-0","type":"command"},{"command":"elementSendKeys","method":"POST","endpoint":"/session/:sessionId/element/f.CA2BB43C526E2CF6F04C4A356EFDEF27.d.65A5E6B690FE317F4B06B3D16F4C9B09.e.13/value","body":{"text":"dolorsitamet"},"result":{"value":null},"cid":"0-0","type":"result"},{"command":"findElement","method":"POST","endpoint":"/session/:sessionId/element","body":{"using":"xpath","value":"//button[@type= 'submit'][text()='login']"},"cid":"0-0","type":"command"},{"command":"findElement","method":"POST","endpoint":"/session/:sessionId/element","body":{"using":"xpath","value":"//button[@type= 'submit'][text()='login']"},"result":{"value":{"element-6066-11e4-a52e-4f735466cecf":"f.CA2BB43C526E2CF6F04C4A356EFDEF27.d.65A5E6B690FE317F4B06B3D16F4C9B09.e.19"}},"cid":"0-0","type":"result"},{"command":"getElementProperty","method":"GET","endpoint":"/session/:sessionId/element/f.CA2BB43C526E2CF6F04C4A356EFDEF27.d.65A5E6B690FE317F4B06B3D16F4C9B09.e.19/property/value","body":{},"cid":"0-0","type":"command"},{"command":"getElementProperty","method":"GET","endpoint":"/session/:sessionId/element/f.CA2BB43C526E2CF6F04C4A356EFDEF27.d.65A5E6B690FE317F4B06B3D16F4C9B09.e.19/property/value","body":{},"result":{"value":""},"cid":"0-0","type":"result"},{"command":"findElement","method":"POST","endpoint":"/session/:sessionId/element","body":{"using":"xpath","value":"//button[@type= 'submit'][text()='login']"},"cid":"0-0","type":"command"},{"command":"findElement","method":"POST","endpoint":"/session/:sessionId/element","body":{"using":"xpath","value":"//button[@type= 'submit'][text()='login']"},"result":{"value":{"element-6066-11e4-a52e-4f735466cecf":"f.CA2BB43C526E2CF6F04C4A356EFDEF27.d.65A5E6B690FE317F4B06B3D16F4C9B09.e.19"}},"cid":"0-0","type":"result"},{"command":"elementClick","method":"POST","endpoint":"/session/:sessionId/element/f.CA2BB43C526E2CF6F04C4A356EFDEF27.d.65A5E6B690FE317F4B06B3D16F4C9B09.e.19/click","body":{},"cid":"0-0","type":"command"},{"command":"elementClick","method":"POST","endpoint":"/session/:sessionId/element/f.CA2BB43C526E2CF6F04C4A356EFDEF27.d.65A5E6B690FE317F4B06B3D16F4C9B09.e.19/click","body":{},"result":{"value":null},"cid":"0-0","type":"result"}],"retries":0,"parent":"1","state":"passed","events":[],"errorIndex":0},{"type":"test","start":"2024-08-04T15:28:17.144Z","end":"2024-08-04T15:28:17.961Z","_duration":817,"uid":"2f63529b-8f9a-4387-a6e0-ef794db09f6b","cid":"0-0","title":"Then user sees a popup with the error message \"Kredensial yang Anda berikan salah\"","fullTitle":"1: Then user sees a popup with the error message \"Kredensial yang Anda berikan salah\"","output":[{"command":"findElement","method":"POST","endpoint":"/session/:sessionId/element","body":{"using":"xpath","value":"//div[@role='alert']"},"cid":"0-0","type":"command"},{"command":"findElement","method":"POST","endpoint":"/session/:sessionId/element","body":{"using":"xpath","value":"//div[@role='alert']"},"result":{"value":{"error":"no such element","message":"no such element: Unable to locate element: {\"method\":\"xpath\",\"selector\":\"//div[@role='alert']\"}\n  (Session info: chrome=127.0.6533.89)","stacktrace":"\tGetHandleVerifier [0x00007FF6F8769632+30946]\n\t(No symbol) [0x00007FF6F871E3C9]\n\t(No symbol) [0x00007FF6F8616FDA]\n\t(No symbol) [0x00007FF6F866822C]\n\t(No symbol) [0x00007FF6F866850C]\n\t(No symbol) [0x00007FF6F86ADCB7]\n\t(No symbol) [0x00007FF6F868CAAF]\n\t(No symbol) [0x00007FF6F86AB041]\n\t(No symbol) [0x00007FF6F868C813]\n\t(No symbol) [0x00007FF6F865A6E5]\n\t(No symbol) [0x00007FF6F865B021]\n\tGetHandleVerifier [0x00007FF6F889F83D+1301229]\n\tGetHandleVerifier [0x00007FF6F88ABDB7+1351783]\n\tGetHandleVerifier [0x00007FF6F88A2A03+1313971]\n\tGetHandleVerifier [0x00007FF6F879DD06+245686]\n\t(No symbol) [0x00007FF6F872758F]\n\t(No symbol) [0x00007FF6F8723804]\n\t(No symbol) [0x00007FF6F8723992]\n\t(No symbol) [0x00007FF6F871A3EF]\n\tBaseThreadInitThunk [0x00007FFE7E147374+20]\n\tRtlUserThreadStart [0x00007FFE7E97CC91+33]\n"}},"cid":"0-0","type":"result"},{"command":"findElement","method":"POST","endpoint":"/session/:sessionId/element","body":{"using":"xpath","value":"//div[@role='alert']"},"cid":"0-0","type":"command"},{"command":"findElement","method":"POST","endpoint":"/session/:sessionId/element","body":{"using":"xpath","value":"//div[@role='alert']"},"result":{"value":{"error":"no such element","message":"no such element: Unable to locate element: {\"method\":\"xpath\",\"selector\":\"//div[@role='alert']\"}\n  (Session info: chrome=127.0.6533.89)","stacktrace":"\tGetHandleVerifier [0x00007FF6F8769632+30946]\n\t(No symbol) [0x00007FF6F871E3C9]\n\t(No symbol) [0x00007FF6F8616FDA]\n\t(No symbol) [0x00007FF6F866822C]\n\t(No symbol) [0x00007FF6F866850C]\n\t(No symbol) [0x00007FF6F86ADCB7]\n\t(No symbol) [0x00007FF6F868CAAF]\n\t(No symbol) [0x00007FF6F86AB041]\n\t(No symbol) [0x00007FF6F868C813]\n\t(No symbol) [0x00007FF6F865A6E5]\n\t(No symbol) [0x00007FF6F865B021]\n\tGetHandleVerifier [0x00007FF6F889F83D+1301229]\n\tGetHandleVerifier [0x00007FF6F88ABDB7+1351783]\n\tGetHandleVerifier [0x00007FF6F88A2A03+1313971]\n\tGetHandleVerifier [0x00007FF6F879DD06+245686]\n\t(No symbol) [0x00007FF6F872758F]\n\t(No symbol) [0x00007FF6F8723804]\n\t(No symbol) [0x00007FF6F8723992]\n\t(No symbol) [0x00007FF6F871A3EF]\n\tBaseThreadInitThunk [0x00007FFE7E147374+20]\n\tRtlUserThreadStart [0x00007FFE7E97CC91+33]\n"}},"cid":"0-0","type":"result"},{"command":"findElement","method":"POST","endpoint":"/session/:sessionId/element","body":{"using":"xpath","value":"//div[@role='alert']"},"cid":"0-0","type":"command"},{"command":"findElement","method":"POST","endpoint":"/session/:sessionId/element","body":{"using":"xpath","value":"//div[@role='alert']"},"result":{"value":{"element-6066-11e4-a52e-4f735466cecf":"f.CA2BB43C526E2CF6F04C4A356EFDEF27.d.65A5E6B690FE317F4B06B3D16F4C9B09.e.25"}},"cid":"0-0","type":"result"},{"command":"executeScript","method":"POST","endpoint":"/session/:sessionId/execute/sync","body":{"script":"return (function isElementDisplayed(element) {\n    function nodeIsElement(node) {\n        if (!node) {\n            return false;\n        }\n        switch (node.nodeType) {\n            case Node.ELEMENT_NODE:\n            case Node.DOCUMENT_NODE:\n            case Node.DOCUMENT_FRAGMENT_NODE:\n                return true;\n            default:\n                return false;\n        }\n    }\n    function parentElementForElement(element) {\n        if (!element) {\n            return null;\n        }\n        return enclosingNodeOrSelfMatchingPredicate(element.parentNode, nodeIsElement);\n    }\n    function enclosingNodeOrSelfMatchingPredicate(targetNode, predicate) {\n        for (let node = targetNode; node && node !== targetNode.ownerDocument; node = node.parentNode) {\n            if (predicate(node)) {\n                return node;\n            }\n        }\n        return null;\n    }\n    function enclosingElementOrSelfMatchingPredicate(targetElement, predicate) {\n        for (let element = targetElement; element && element !== targetElement.ownerDocument; element = parentElementForElement(element)) {\n            if (predicate(element)) {\n                return element;\n            }\n        }\n        return null;\n    }\n    function cascadedStylePropertyForElement(element, property) {\n        if (!element || !property) {\n            return null;\n        }\n        // if document-fragment, skip it and use element.host instead. This happens\n        // when the element is inside a shadow root.\n        // window.getComputedStyle errors on document-fragment.\n        if ('ShadowRoot' in window && element instanceof window.ShadowRoot) {\n            element = element.host;\n        }\n        const computedStyle = window.getComputedStyle(element);\n        const computedStyleProperty = computedStyle.getPropertyValue(property);\n        if (computedStyleProperty && computedStyleProperty !== 'inherit') {\n            return computedStyleProperty;\n        }\n        // Ideally getPropertyValue would return the 'used' or 'actual' value, but\n        // it doesn't for legacy reasons. So we need to do our own poor man's cascade.\n        // Fall back to the first non-'inherit' value found in an ancestor.\n        // In any case, getPropertyValue will not return 'initial'.\n        // FIXME: will this incorrectly inherit non-inheritable CSS properties?\n        // I think all important non-inheritable properties (width, height, etc.)\n        // for our purposes here are specially resolved, so this may not be an issue.\n        // Specification is here: https://drafts.csswg.org/cssom/#resolved-values\n        const parentElement = parentElementForElement(element);\n        return cascadedStylePropertyForElement(parentElement, property);\n    }\n    function elementHasBoundingBox(element) {\n        const boundingBox = element.getBoundingClientRect();\n        return boundingBox.width > 0 && boundingBox.height > 0;\n    }\n    function elementSubtreeHasNonZeroDimensions(element) {\n        if (elementHasBoundingBox(element)) {\n            return true;\n        }\n        // Paths can have a zero width or height. Treat them as shown if the stroke width is positive.\n        const boundingBox = element.getBoundingClientRect();\n        if (element.tagName.toUpperCase() === 'PATH' && boundingBox.width + boundingBox.height > 0) {\n            const strokeWidth = cascadedStylePropertyForElement(element, 'stroke-width');\n            return !!strokeWidth && (parseInt(strokeWidth, 10) > 0);\n        }\n        const cascadedOverflow = cascadedStylePropertyForElement(element, 'overflow');\n        if (cascadedOverflow === 'hidden') {\n            return false;\n        }\n        // If the container's overflow is not hidden and it has zero size, consider the\n        // container to have non-zero dimensions if a child node has non-zero dimensions.\n        return [].some.call(element.childNodes, function (childNode) {\n            if (childNode.nodeType === Node.TEXT_NODE) {\n                return true;\n            }\n            if (nodeIsElement(childNode)) {\n                return elementSubtreeHasNonZeroDimensions(childNode);\n            }\n            return false;\n        });\n    }\n    function elementOverflowsContainer(element) {\n        const cascadedOverflow = cascadedStylePropertyForElement(element, 'overflow');\n        if (cascadedOverflow !== 'hidden') {\n            return false;\n        }\n        // FIXME: this needs to take into account the scroll position of the element,\n        // the display modes of it and its ancestors, and the container it overflows.\n        // See Selenium's bot.dom.getOverflowState atom for an exhaustive list of edge cases.\n        return true;\n    }\n    function isElementSubtreeHiddenByOverflow(element) {\n        if (!element) {\n            return false;\n        }\n        if (!elementOverflowsContainer(element)) {\n            return false;\n        }\n        if (!element.childNodes.length) {\n            return false;\n        }\n        // This element's subtree is hidden by overflow if all child subtrees are as well.\n        return [].every.call(element.childNodes, function (childNode) {\n            // Returns true if the child node is overflowed or otherwise hidden.\n            // Base case: not an element, has zero size, scrolled out, or doesn't overflow container.\n            // Visibility of text nodes is controlled by parent\n            if (childNode.nodeType === Node.TEXT_NODE) {\n                return false;\n            }\n            if (!nodeIsElement(childNode)) {\n                return true;\n            }\n            if (!elementSubtreeHasNonZeroDimensions(childNode)) {\n                return true;\n            }\n            // Recurse.\n            return isElementSubtreeHiddenByOverflow(childNode);\n        });\n    }\n    // walk up the tree testing for a shadow root\n    function isElementInsideShadowRoot(element) {\n        if (!element) {\n            return false;\n        }\n        if (element.parentNode && element.parentNode.host) {\n            return true;\n        }\n        return isElementInsideShadowRoot(element.parentNode);\n    }\n    // This is a partial reimplementation of Selenium's \"element is displayed\" algorithm.\n    // When the W3C specification's algorithm stabilizes, we should implement that.\n    // If this command is misdirected to the wrong document (and is NOT inside a shadow root), treat it as not shown.\n    if (!isElementInsideShadowRoot(element) &&\n        (\n        // IE doesn't support document.contains, therefor check before using\n        typeof document.contains === 'function'\n            ? !document.contains(element)\n            : !document.body.contains(element))) {\n        return false;\n    }\n    // Special cases for specific tag names.\n    switch (element.tagName.toUpperCase()) {\n        case 'BODY':\n            return true;\n        case 'SCRIPT':\n        case 'NOSCRIPT':\n            return false;\n        case 'OPTGROUP':\n        case 'OPTION': {\n            // Option/optgroup are considered shown if the containing <select> is shown.\n            const enclosingSelectElement = enclosingNodeOrSelfMatchingPredicate(element, function (e) {\n                return e.tagName.toUpperCase() === 'SELECT';\n            });\n            return isElementDisplayed(enclosingSelectElement);\n        }\n        case 'INPUT':\n            // <input type=\"hidden\"> is considered not shown.\n            if (element.type === 'hidden') {\n                return false;\n            }\n            break;\n        // case 'MAP':\n        // FIXME: Selenium has special handling for <map> elements. We don't do anything now.\n        default:\n            break;\n    }\n    if (cascadedStylePropertyForElement(element, 'visibility') !== 'visible') {\n        return false;\n    }\n    const hasAncestorWithZeroOpacity = !!enclosingElementOrSelfMatchingPredicate(element, function (e) {\n        return Number(cascadedStylePropertyForElement(e, 'opacity')) === 0;\n    });\n    const hasAncestorWithDisplayNone = !!enclosingElementOrSelfMatchingPredicate(element, function (e) {\n        return cascadedStylePropertyForElement(e, 'display') === 'none';\n    });\n    if (hasAncestorWithZeroOpacity || hasAncestorWithDisplayNone) {\n        return false;\n    }\n    if (!elementSubtreeHasNonZeroDimensions(element)) {\n        return false;\n    }\n    if (isElementSubtreeHiddenByOverflow(element) && !elementHasBoundingBox(element)) {\n        return false;\n    }\n    return true;\n}).apply(null, arguments)","args":[{"element-6066-11e4-a52e-4f735466cecf":"f.CA2BB43C526E2CF6F04C4A356EFDEF27.d.65A5E6B690FE317F4B06B3D16F4C9B09.e.25","ELEMENT":"f.CA2BB43C526E2CF6F04C4A356EFDEF27.d.65A5E6B690FE317F4B06B3D16F4C9B09.e.25"}]},"cid":"0-0","type":"command"},{"command":"executeScript","method":"POST","endpoint":"/session/:sessionId/execute/sync","body":{"script":"return (function isElementDisplayed(element) {\n    function nodeIsElement(node) {\n        if (!node) {\n            return false;\n        }\n        switch (node.nodeType) {\n            case Node.ELEMENT_NODE:\n            case Node.DOCUMENT_NODE:\n            case Node.DOCUMENT_FRAGMENT_NODE:\n                return true;\n            default:\n                return false;\n        }\n    }\n    function parentElementForElement(element) {\n        if (!element) {\n            return null;\n        }\n        return enclosingNodeOrSelfMatchingPredicate(element.parentNode, nodeIsElement);\n    }\n    function enclosingNodeOrSelfMatchingPredicate(targetNode, predicate) {\n        for (let node = targetNode; node && node !== targetNode.ownerDocument; node = node.parentNode) {\n            if (predicate(node)) {\n                return node;\n            }\n        }\n        return null;\n    }\n    function enclosingElementOrSelfMatchingPredicate(targetElement, predicate) {\n        for (let element = targetElement; element && element !== targetElement.ownerDocument; element = parentElementForElement(element)) {\n            if (predicate(element)) {\n                return element;\n            }\n        }\n        return null;\n    }\n    function cascadedStylePropertyForElement(element, property) {\n        if (!element || !property) {\n            return null;\n        }\n        // if document-fragment, skip it and use element.host instead. This happens\n        // when the element is inside a shadow root.\n        // window.getComputedStyle errors on document-fragment.\n        if ('ShadowRoot' in window && element instanceof window.ShadowRoot) {\n            element = element.host;\n        }\n        const computedStyle = window.getComputedStyle(element);\n        const computedStyleProperty = computedStyle.getPropertyValue(property);\n        if (computedStyleProperty && computedStyleProperty !== 'inherit') {\n            return computedStyleProperty;\n        }\n        // Ideally getPropertyValue would return the 'used' or 'actual' value, but\n        // it doesn't for legacy reasons. So we need to do our own poor man's cascade.\n        // Fall back to the first non-'inherit' value found in an ancestor.\n        // In any case, getPropertyValue will not return 'initial'.\n        // FIXME: will this incorrectly inherit non-inheritable CSS properties?\n        // I think all important non-inheritable properties (width, height, etc.)\n        // for our purposes here are specially resolved, so this may not be an issue.\n        // Specification is here: https://drafts.csswg.org/cssom/#resolved-values\n        const parentElement = parentElementForElement(element);\n        return cascadedStylePropertyForElement(parentElement, property);\n    }\n    function elementHasBoundingBox(element) {\n        const boundingBox = element.getBoundingClientRect();\n        return boundingBox.width > 0 && boundingBox.height > 0;\n    }\n    function elementSubtreeHasNonZeroDimensions(element) {\n        if (elementHasBoundingBox(element)) {\n            return true;\n        }\n        // Paths can have a zero width or height. Treat them as shown if the stroke width is positive.\n        const boundingBox = element.getBoundingClientRect();\n        if (element.tagName.toUpperCase() === 'PATH' && boundingBox.width + boundingBox.height > 0) {\n            const strokeWidth = cascadedStylePropertyForElement(element, 'stroke-width');\n            return !!strokeWidth && (parseInt(strokeWidth, 10) > 0);\n        }\n        const cascadedOverflow = cascadedStylePropertyForElement(element, 'overflow');\n        if (cascadedOverflow === 'hidden') {\n            return false;\n        }\n        // If the container's overflow is not hidden and it has zero size, consider the\n        // container to have non-zero dimensions if a child node has non-zero dimensions.\n        return [].some.call(element.childNodes, function (childNode) {\n            if (childNode.nodeType === Node.TEXT_NODE) {\n                return true;\n            }\n            if (nodeIsElement(childNode)) {\n                return elementSubtreeHasNonZeroDimensions(childNode);\n            }\n            return false;\n        });\n    }\n    function elementOverflowsContainer(element) {\n        const cascadedOverflow = cascadedStylePropertyForElement(element, 'overflow');\n        if (cascadedOverflow !== 'hidden') {\n            return false;\n        }\n        // FIXME: this needs to take into account the scroll position of the element,\n        // the display modes of it and its ancestors, and the container it overflows.\n        // See Selenium's bot.dom.getOverflowState atom for an exhaustive list of edge cases.\n        return true;\n    }\n    function isElementSubtreeHiddenByOverflow(element) {\n        if (!element) {\n            return false;\n        }\n        if (!elementOverflowsContainer(element)) {\n            return false;\n        }\n        if (!element.childNodes.length) {\n            return false;\n        }\n        // This element's subtree is hidden by overflow if all child subtrees are as well.\n        return [].every.call(element.childNodes, function (childNode) {\n            // Returns true if the child node is overflowed or otherwise hidden.\n            // Base case: not an element, has zero size, scrolled out, or doesn't overflow container.\n            // Visibility of text nodes is controlled by parent\n            if (childNode.nodeType === Node.TEXT_NODE) {\n                return false;\n            }\n            if (!nodeIsElement(childNode)) {\n                return true;\n            }\n            if (!elementSubtreeHasNonZeroDimensions(childNode)) {\n                return true;\n            }\n            // Recurse.\n            return isElementSubtreeHiddenByOverflow(childNode);\n        });\n    }\n    // walk up the tree testing for a shadow root\n    function isElementInsideShadowRoot(element) {\n        if (!element) {\n            return false;\n        }\n        if (element.parentNode && element.parentNode.host) {\n            return true;\n        }\n        return isElementInsideShadowRoot(element.parentNode);\n    }\n    // This is a partial reimplementation of Selenium's \"element is displayed\" algorithm.\n    // When the W3C specification's algorithm stabilizes, we should implement that.\n    // If this command is misdirected to the wrong document (and is NOT inside a shadow root), treat it as not shown.\n    if (!isElementInsideShadowRoot(element) &&\n        (\n        // IE doesn't support document.contains, therefor check before using\n        typeof document.contains === 'function'\n            ? !document.contains(element)\n            : !document.body.contains(element))) {\n        return false;\n    }\n    // Special cases for specific tag names.\n    switch (element.tagName.toUpperCase()) {\n        case 'BODY':\n            return true;\n        case 'SCRIPT':\n        case 'NOSCRIPT':\n            return false;\n        case 'OPTGROUP':\n        case 'OPTION': {\n            // Option/optgroup are considered shown if the containing <select> is shown.\n            const enclosingSelectElement = enclosingNodeOrSelfMatchingPredicate(element, function (e) {\n                return e.tagName.toUpperCase() === 'SELECT';\n            });\n            return isElementDisplayed(enclosingSelectElement);\n        }\n        case 'INPUT':\n            // <input type=\"hidden\"> is considered not shown.\n            if (element.type === 'hidden') {\n                return false;\n            }\n            break;\n        // case 'MAP':\n        // FIXME: Selenium has special handling for <map> elements. We don't do anything now.\n        default:\n            break;\n    }\n    if (cascadedStylePropertyForElement(element, 'visibility') !== 'visible') {\n        return false;\n    }\n    const hasAncestorWithZeroOpacity = !!enclosingElementOrSelfMatchingPredicate(element, function (e) {\n        return Number(cascadedStylePropertyForElement(e, 'opacity')) === 0;\n    });\n    const hasAncestorWithDisplayNone = !!enclosingElementOrSelfMatchingPredicate(element, function (e) {\n        return cascadedStylePropertyForElement(e, 'display') === 'none';\n    });\n    if (hasAncestorWithZeroOpacity || hasAncestorWithDisplayNone) {\n        return false;\n    }\n    if (!elementSubtreeHasNonZeroDimensions(element)) {\n        return false;\n    }\n    if (isElementSubtreeHiddenByOverflow(element) && !elementHasBoundingBox(element)) {\n        return false;\n    }\n    return true;\n}).apply(null, arguments)","args":[{"element-6066-11e4-a52e-4f735466cecf":"f.CA2BB43C526E2CF6F04C4A356EFDEF27.d.65A5E6B690FE317F4B06B3D16F4C9B09.e.25","ELEMENT":"f.CA2BB43C526E2CF6F04C4A356EFDEF27.d.65A5E6B690FE317F4B06B3D16F4C9B09.e.25"}]},"result":{"value":true},"cid":"0-0","type":"result"},{"command":"findElement","method":"POST","endpoint":"/session/:sessionId/element","body":{"using":"xpath","value":"//div[@role='alert']"},"cid":"0-0","type":"command"},{"command":"findElement","method":"POST","endpoint":"/session/:sessionId/element","body":{"using":"xpath","value":"//div[@role='alert']"},"result":{"value":{"element-6066-11e4-a52e-4f735466cecf":"f.CA2BB43C526E2CF6F04C4A356EFDEF27.d.65A5E6B690FE317F4B06B3D16F4C9B09.e.25"}},"cid":"0-0","type":"result"},{"command":"getElementText","method":"GET","endpoint":"/session/:sessionId/element/f.CA2BB43C526E2CF6F04C4A356EFDEF27.d.65A5E6B690FE317F4B06B3D16F4C9B09.e.25/text","body":{},"cid":"0-0","type":"command"},{"command":"getElementText","method":"GET","endpoint":"/session/:sessionId/element/f.CA2BB43C526E2CF6F04C4A356EFDEF27.d.65A5E6B690FE317F4B06B3D16F4C9B09.e.25/text","body":{},"result":{"value":"Kredensial yang Anda berikan salah"},"cid":"0-0","type":"result"},{"command":"deleteSession","method":"DELETE","endpoint":"/session/:sessionId","body":{},"cid":"0-0","type":"command"},{"command":"deleteSession","method":"DELETE","endpoint":"/session/:sessionId","body":{},"result":{"value":null},"cid":"0-0","type":"result"}],"retries":0,"parent":"1","state":"passed","events":[],"errorIndex":0},{"type":"hook","start":"2024-08-04T15:28:17.962Z","end":"2024-08-04T15:28:17.964Z","_duration":2,"uid":"68a121cb-8ea0-4f24-8bf4-b447893ccfef","cid":"0-0","title":"","parent":"1","errors":[]}],"description":""}],"hooksAndTests":[],"description":""}],"reportFile":"E:\\github\\sbcode-wdio-cucumber-kasiraja\\reports\\html\\html-reports\\report-feature-0-0.html","browserName":"Chrome"}